{
"lengthUnit": "mil",
"components": {
	"fields": ["COMPONENT_NO", "COMPONENT_NAME", "LAYER", "X_COORDINATE", "Y_COORDINATE", "ANGLE"],
	"rows": [
		[1, "C6", "T", 1767.77, -1350.57, 225],
		[2, "C34", "T", 1567.02, -1647.22, 315],
		[3, "C45", "T", 967.19, -1356.1, 315],
		[4, "C73", "T", 1122.75, -1200.53, 315],
		[5, "C74", "T", 1278.31, -1044.97, 315],
		[6, "C75", "T", 1919.79, -1502.6, 225],
		[7, "C76", "T", 1287.71, -1488.12, 135],
		[8, "C77", "T", 1436.2, -1339.63, 135],
		[9, "C78", "T", 1584.69, -1191.14, 135],
		[10, "C79", "T", 1044.97, -1278.31, 315],
		[11, "C80", "T", 1200.53, -1122.75, 315],
		[12, "C81", "T", 1356.1, -967.19, 315],
		[13, "D10", "T", 1195.78, -1396.2, 135],
		[14, "D11", "T", 1344.28, -1247.71, 135],
		[15, "D12", "T", 1492.77, -1099.22, 135],
		[16, "LED1", "B", -1002.2, 1002.2, 45],
		[17, "LED2", "T", -1002.2, 1002.2, 45],
		[18, "LED3", "T", 264.47, -264.47, 315],
		[19, "LED4", "B", 264.47, -264.47, 315],
		[20, "Q7", "T", 1102.81, -1452.03, 45],
		[21, "Q8", "T", 1220.53, -1569.44, 45],
		[22, "Q9", "T", 1252.35, -1304.28, 45],
		[23, "Q10", "T", 1369.03, -1420.95, 45],
		[24, "Q11", "T", 1400.85, -1155.78, 45],
		[25, "Q12", "T", 1517.52, -1272.46, 45],
		[26, "R62", "T", 1351.35, -1650.76, 315],
		[27, "R63", "T", 1499.84, -1502.27, 315],
		[28, "R64", "T", 1648.33, -1353.77, 315],
		[29, "R65", "T", 1620.05, -1382.06, 315],
		[30, "R66", "T", 1471.56, -1530.55, 315],
		[31, "R67", "T", 1323.06, -1679.04, 315],
		[32, "R68", "T", 1294.78, -1707.33, 135],
		[33, "R69", "T", 1443.27, -1558.84, 135],
		[34, "R70", "T", 1591.76, -1410.34, 135],
		[35, "R71", "T", 1383.17, -1618.94, 315],
		[36, "R72", "T", 1531.66, -1470.45, 315],
		[37, "R73", "T", 1680.15, -1321.95, 315],
		[38, "R74", "T", 1567.02, -1562.37, 315],
		[39, "R75", "T", 1602.37, -1527.02, 315],
		[40, "R76", "T", 1637.73, -1491.66, 315],
		[41, "R77", "T", 1708.44, -1293.67, 135],
		[42, "R78", "T", 1559.94, -1442.16, 135],
		[43, "R79", "T", 1411.45, -1590.65, 135],
		[44, "R82", "T", 1831.41, -1555.63, 315],
		[45, "R83", "T", 1746.55, -1470.78, 315],
		[46, "R84", "B", -880.35, 1120.76, 225],
		[47, "R85", "T", -880.35, 1120.76, 225],
		[48, "SCREW1", "T", 1036.11, -1036.11, 45],
		[49, "SCREW2", "T", 1358.26, -2244.09, 45],
		[50, "SCREW3", "T", 2244.09, -1358.26, 45],
		[51, "U2", "T", 1719.04, -1615.4, 225],
		[52, "U79", "T", 1842.01, -1424.82, 315],
		[53, "U82", "T", 1503.38, -1767.43, 135],
		[54, "U83", "T", 1856.16, -1714.73, 135],
		[55, "U85", "T", 2068.79, -1287.96, 135],
		[56, "U86", "T", 1287.95, -2068.78, 135],
		[57, "U87", "T", 2080.93, -1489.96, 135]
	]
},
"pins": {
	"fields": ["PIN_NO", "PIN_NAME", "PIN_X", "PIN_Y", "LAYER", "PIN_TYPE", "NET_NAME", "NET_TYPE", "PAD_SHAPE", "PAD_SIZEX", "PAD_SIZEY", "HOLE_SIZE", "PAD_ANGLE"],
	"rows": [
		[1, "C6_1", 1787.25, -1331.09, "T", "SMD", "GND", "GND", "R", 31.5, 35.43, 0, 225],
		[2, "C6_2", 1748.28, -1370.06, "T", "SMD", "3V3", "", "R", 31.5, 35.43, 0, 225],
		[3, "C34_1", 1547.53, -1627.74, "T", "SMD", "GND", "GND", "R", 31.5, 35.43, 0, 315],
		[4, "C34_2", 1586.5, -1666.71, "T", "SMD", "VBAT", "", "R", 31.5, 35.43, 0, 315],
		[5, "C45_1", 939.35, -1328.26, "T", "SMD", "GND", "GND", "R", 55.51, 53.15, 0, 315],
		[6, "C45_2", 995.03, -1383.94, "T", "SMD", "VBAT", "", "R", 55.51, 53.15, 0, 315],
		[7, "C73_1", 1094.91, -1172.69, "T", "SMD", "GND", "GND", "R", 55.51, 53.15, 0, 315],
		[8, "C73_2", 1150.59, -1228.37, "T", "SMD", "VBAT", "", "R", 55.51, 53.15, 0, 315],
		[9, "C74_1", 1250.48, -1017.13, "T", "SMD", "GND", "GND", "R", 55.51, 53.15, 0, 315],
		[10, "C74_2", 1306.15, -1072.81, "T", "SMD", "VBAT", "", "R", 55.51, 53.15, 0, 315],
		[11, "C75_1", 1939.28, -1483.11, "T", "SMD", "GND", "GND", "R", 31.5, 35.43, 0, 225],
		[12, "C75_2", 1900.31, -1522.09, "T", "SMD", "5V", "", "R", 31.5, 35.43, 0, 225],
		[13, "C76_1", 1307.2, -1507.61, "T", "SMD", "VS1_1", "", "R", 31.5, 35.43, 0, 135],
		[14, "C76_2", 1268.22, -1468.64, "T", "SMD", "VB1_1", "", "R", 31.5, 35.43, 0, 135],
		[15, "C77_1", 1455.69, -1359.12, "T", "SMD", "VS2_1", "", "R", 31.5, 35.43, 0, 135],
		[16, "C77_2", 1416.71, -1320.14, "T", "SMD", "VB2_1", "", "R", 31.5, 35.43, 0, 135],
		[17, "C78_1", 1604.18, -1210.63, "T", "SMD", "VS3_1", "", "R", 31.5, 35.43, 0, 135],
		[18, "C78_2", 1565.21, -1171.65, "T", "SMD", "VB3_1", "", "R", 31.5, 35.43, 0, 135],
		[19, "C79_1", 1017.13, -1250.48, "T", "SMD", "GND", "GND", "R", 55.51, 53.15, 0, 315],
		[20, "C79_2", 1072.81, -1306.15, "T", "SMD", "VBAT", "", "R", 55.51, 53.15, 0, 315],
		[21, "C80_1", 1172.69, -1094.91, "T", "SMD", "GND", "GND", "R", 55.51, 53.15, 0, 315],
		[22, "C80_2", 1228.37, -1150.59, "T", "SMD", "VBAT", "", "R", 55.51, 53.15, 0, 315],
		[23, "C81_1", 1328.26, -939.35, "T", "SMD", "GND", "GND", "R", 55.51, 53.15, 0, 315],
		[24, "C81_2", 1383.94, -995.03, "T", "SMD", "VBAT", "", "R", 55.51, 53.15, 0, 315],
		[25, "D10_1", 1228.43, -1428.84, "T", "SMD", "VB1_1", "", "R", 39.37, 29.53, 0, 135],
		[26, "D10_2", 1163.14, -1363.56, "T", "SMD", "VBAT", "", "R", 39.37, 29.53, 0, 135],
		[27, "D11_1", 1376.92, -1280.35, "T", "SMD", "VB2_1", "", "R", 39.37, 29.53, 0, 135],
		[28, "D11_2", 1311.63, -1215.06, "T", "SMD", "VBAT", "", "R", 39.37, 29.53, 0, 135],
		[29, "D12_1", 1525.41, -1131.86, "T", "SMD", "VB3_1", "", "R", 39.37, 29.53, 0, 135],
		[30, "D12_2", 1460.13, -1066.57, "T", "SMD", "VBAT", "", "R", 39.37, 29.53, 0, 135],
		[31, "LED1_1", -960.65, 1043.75, "B", "SMD", "$1N5489", "", "R", 58.47, 63.78, 0, 45],
		[32, "LED1_2", -1043.75, 960.65, "B", "SMD", "GND", "GND", "R", 58.47, 63.78, 0, 45],
		[33, "LED2_1", -960.65, 1043.75, "T", "SMD", "$1N5615", "", "R", 58.47, 63.78, 0, 45],
		[34, "LED2_2", -1043.75, 960.65, "T", "SMD", "GND", "GND", "R", 58.47, 63.78, 0, 45],
		[35, "LED3_1", 285.35, -327.11, "T", "SMD", "GND", "GND", "R", 47.24, 35.43, 0, 135],
		[36, "LED3_2", 327.11, -285.35, "T", "SMD", "WS2812_DIN", "", "R", 47.24, 35.43, 0, 135],
		[37, "LED3_3", 243.59, -201.83, "T", "SMD", "5V", "", "R", 47.24, 35.43, 0, 135],
		[38, "LED3_4", 201.83, -243.59, "T", "SMD", "$1N5822", "", "R", 47.24, 35.43, 0, 135],
		[39, "LED4_1", 327.11, -285.35, "B", "SMD", "GND", "GND", "R", 47.24, 35.43, 0, 135],
		[40, "LED4_2", 285.35, -327.11, "B", "SMD", "$1N5822", "", "R", 47.24, 35.43, 0, 135],
		[41, "LED4_3", 201.83, -243.59, "B", "SMD", "5V", "", "R", 47.24, 35.43, 0, 135],
		[42, "LED4_4", 243.59, -201.83, "B", "SMD", "WS2812_DOUT", "", "R", 47.24, 35.43, 0, 135],
		[43, "Q7_1", 1122.3, -1525.8, "T", "SMD", "VS1_1", "", "R", 23.62, 15.75, 0, 135],
		[44, "Q7_2", 1140.39, -1507.71, "T", "SMD", "VS1_1", "", "R", 23.62, 15.75, 0, 135],
		[45, "Q7_3", 1158.49, -1489.61, "T", "SMD", "VS1_1", "", "R", 23.62, 15.75, 0, 135],
		[46, "Q7_4", 1176.58, -1471.52, "T", "SMD", "$1N1933", "", "R", 23.62, 15.75, 0, 135],
		[47, "Q7_5", 1083.32, -1378.26, "T", "SMD", "VBAT", "", "R", 15.75, 23.62, 0, 225],
		[48, "Q7_6", 1065.23, -1396.35, "T", "SMD", "VBAT", "", "R", 15.75, 23.62, 0, 225],
		[49, "Q7_7", 1047.13, -1414.45, "T", "SMD", "VBAT", "", "R", 15.75, 23.62, 0, 225],
		[50, "Q7_8", 1029.04, -1432.54, "T", "SMD", "VBAT", "", "R", 15.75, 23.62, 0, 225],
		[51, "Q7_9", 1094.32, -1442.43, "T", "SMD", "VBAT", "", "R", 106.3, 90.55, 0, 225],
		[52, "Q7_9", 1142.34, -1412.5, "T", "SMD", "VBAT", "", "R", 15.75, 23.62, 0, 315],
		[53, "Q7_9", 1063.28, -1491.56, "T", "SMD", "VBAT", "", "R", 15.75, 23.62, 0, 315],
		[54, "Q8_1", 1240.02, -1643.21, "T", "SMD", "GND", "GND", "R", 23.62, 15.75, 0, 135],
		[55, "Q8_2", 1258.12, -1625.12, "T", "SMD", "GND", "GND", "R", 23.62, 15.75, 0, 135],
		[56, "Q8_3", 1276.21, -1607.02, "T", "SMD", "GND", "GND", "R", 23.62, 15.75, 0, 135],
		[57, "Q8_4", 1294.31, -1588.93, "T", "SMD", "$1N1932", "", "R", 23.62, 15.75, 0, 135],
		[58, "Q8_5", 1201.05, -1495.67, "T", "SMD", "VS1_1", "", "R", 15.75, 23.62, 0, 225],
		[59, "Q8_6", 1182.95, -1513.76, "T", "SMD", "VS1_1", "", "R", 15.75, 23.62, 0, 225],
		[60, "Q8_7", 1164.86, -1531.86, "T", "SMD", "VS1_1", "", "R", 15.75, 23.62, 0, 225],
		[61, "Q8_8", 1146.76, -1549.95, "T", "SMD", "VS1_1", "", "R", 15.75, 23.62, 0, 225],
		[62, "Q8_9", 1212.04, -1559.84, "T", "SMD", "VS1_1", "", "R", 106.3, 90.55, 0, 225],
		[63, "Q8_9", 1260.07, -1529.91, "T", "SMD", "VS1_1", "", "R", 15.75, 23.62, 0, 315],
		[64, "Q8_9", 1181.01, -1608.98, "T", "SMD", "VS1_1", "", "R", 15.75, 23.62, 0, 315],
		[65, "Q9_1", 1271.84, -1378.05, "T", "SMD", "VS2_1", "", "R", 23.62, 15.75, 0, 135],
		[66, "Q9_2", 1289.94, -1359.95, "T", "SMD", "VS2_1", "", "R", 23.62, 15.75, 0, 135],
		[67, "Q9_3", 1308.03, -1341.86, "T", "SMD", "VS2_1", "", "R", 23.62, 15.75, 0, 135],
		[68, "Q9_4", 1326.13, -1323.76, "T", "SMD", "$1N1934", "", "R", 23.62, 15.75, 0, 135],
		[69, "Q9_5", 1232.87, -1230.5, "T", "SMD", "VBAT", "", "R", 15.75, 23.62, 0, 225],
		[70, "Q9_6", 1214.77, -1248.6, "T", "SMD", "VBAT", "", "R", 15.75, 23.62, 0, 225],
		[71, "Q9_7", 1196.68, -1266.69, "T", "SMD", "VBAT", "", "R", 15.75, 23.62, 0, 225],
		[72, "Q9_8", 1178.58, -1284.79, "T", "SMD", "VBAT", "", "R", 15.75, 23.62, 0, 225],
		[73, "Q9_9", 1243.86, -1294.67, "T", "SMD", "VBAT", "", "R", 106.3, 90.55, 0, 225],
		[74, "Q9_9", 1291.89, -1264.75, "T", "SMD", "VBAT", "", "R", 15.75, 23.62, 0, 315],
		[75, "Q9_9", 1212.83, -1343.81, "T", "SMD", "VBAT", "", "R", 15.75, 23.62, 0, 315],
		[76, "Q10_1", 1388.51, -1494.72, "T", "SMD", "GND", "GND", "R", 23.62, 15.75, 0, 135],
		[77, "Q10_2", 1406.61, -1476.63, "T", "SMD", "GND", "GND", "R", 23.62, 15.75, 0, 135],
		[78, "Q10_3", 1424.7, -1458.53, "T", "SMD", "GND", "GND", "R", 23.62, 15.75, 0, 135],
		[79, "Q10_4", 1442.8, -1440.44, "T", "SMD", "$1N1812", "", "R", 23.62, 15.75, 0, 135],
		[80, "Q10_5", 1349.54, -1347.18, "T", "SMD", "VS2_1", "", "R", 15.75, 23.62, 0, 225],
		[81, "Q10_6", 1331.44, -1365.27, "T", "SMD", "VS2_1", "", "R", 15.75, 23.62, 0, 225],
		[82, "Q10_7", 1313.35, -1383.37, "T", "SMD", "VS2_1", "", "R", 15.75, 23.62, 0, 225],
		[83, "Q10_8", 1295.25, -1401.46, "T", "SMD", "VS2_1", "", "R", 15.75, 23.62, 0, 225],
		[84, "Q10_9", 1360.53, -1411.35, "T", "SMD", "VS2_1", "", "R", 106.3, 90.55, 0, 225],
		[85, "Q10_9", 1408.56, -1381.42, "T", "SMD", "VS2_1", "", "R", 15.75, 23.62, 0, 315],
		[86, "Q10_9", 1329.5, -1460.48, "T", "SMD", "VS2_1", "", "R", 15.75, 23.62, 0, 315],
		[87, "Q11_1", 1420.33, -1229.56, "T", "SMD", "VS3_1", "", "R", 23.62, 15.75, 0, 135],
		[88, "Q11_2", 1438.43, -1211.46, "T", "SMD", "VS3_1", "", "R", 23.62, 15.75, 0, 135],
		[89, "Q11_3", 1456.52, -1193.37, "T", "SMD", "VS3_1", "", "R", 23.62, 15.75, 0, 135],
		[90, "Q11_4", 1474.62, -1175.27, "T", "SMD", "$1N1935", "", "R", 23.62, 15.75, 0, 135],
		[91, "Q11_5", 1381.36, -1082.01, "T", "SMD", "VBAT", "", "R", 15.75, 23.62, 0, 225],
		[92, "Q11_6", 1363.26, -1100.11, "T", "SMD", "VBAT", "", "R", 15.75, 23.62, 0, 225],
		[93, "Q11_7", 1345.17, -1118.2, "T", "SMD", "VBAT", "", "R", 15.75, 23.62, 0, 225],
		[94, "Q11_8", 1327.07, -1136.3, "T", "SMD", "VBAT", "", "R", 15.75, 23.62, 0, 225],
		[95, "Q11_9", 1392.35, -1146.18, "T", "SMD", "VBAT", "", "R", 106.3, 90.55, 0, 225],
		[96, "Q11_9", 1440.38, -1116.26, "T", "SMD", "VBAT", "", "R", 15.75, 23.62, 0, 315],
		[97, "Q11_9", 1361.32, -1195.32, "T", "SMD", "VBAT", "", "R", 15.75, 23.62, 0, 315],
		[98, "Q12_1", 1537.01, -1346.23, "T", "SMD", "GND", "GND", "R", 23.62, 15.75, 0, 135],
		[99, "Q12_2", 1555.1, -1328.13, "T", "SMD", "GND", "GND", "R", 23.62, 15.75, 0, 135],
		[100, "Q12_3", 1573.2, -1310.04, "T", "SMD", "GND", "GND", "R", 23.62, 15.75, 0, 135],
		[101, "Q12_4", 1591.29, -1291.94, "T", "SMD", "$1N1822", "", "R", 23.62, 15.75, 0, 135],
		[102, "Q12_5", 1498.03, -1198.68, "T", "SMD", "VS3_1", "", "R", 15.75, 23.62, 0, 225],
		[103, "Q12_6", 1479.94, -1216.78, "T", "SMD", "VS3_1", "", "R", 15.75, 23.62, 0, 225],
		[104, "Q12_7", 1461.84, -1234.87, "T", "SMD", "VS3_1", "", "R", 15.75, 23.62, 0, 225],
		[105, "Q12_8", 1443.75, -1252.97, "T", "SMD", "VS3_1", "", "R", 15.75, 23.62, 0, 225],
		[106, "Q12_9", 1509.03, -1262.85, "T", "SMD", "VS3_1", "", "R", 106.3, 90.55, 0, 225],
		[107, "Q12_9", 1557.05, -1232.93, "T", "SMD", "VS3_1", "", "R", 15.75, 23.62, 0, 315],
		[108, "Q12_9", 1477.99, -1311.99, "T", "SMD", "VS3_1", "", "R", 15.75, 23.62, 0, 315],
		[109, "R62_1", 1339.3, -1638.71, "T", "SMD", "$1N1933", "", "R", 22.27, 21.26, 0, 315],
		[110, "R62_2", 1363.4, -1662.81, "T", "SMD", "HO1_1", "", "R", 22.27, 21.26, 0, 315],
		[111, "R63_1", 1487.79, -1490.22, "T", "SMD", "$1N1934", "", "R", 22.27, 21.26, 0, 315],
		[112, "R63_2", 1511.89, -1514.32, "T", "SMD", "HO2_1", "", "R", 22.27, 21.26, 0, 315],
		[113, "R64_1", 1636.28, -1341.73, "T", "SMD", "$1N1935", "", "R", 22.27, 21.26, 0, 315],
		[114, "R64_2", 1660.38, -1365.82, "T", "SMD", "HO3_1", "", "R", 22.27, 21.26, 0, 315],
		[115, "R65_1", 1608, -1370.01, "T", "SMD", "$1N1822", "", "R", 22.27, 21.26, 0, 315],
		[116, "R65_2", 1632.1, -1394.11, "T", "SMD", "LO3_1", "", "R", 22.27, 21.26, 0, 315],
		[117, "R66_1", 1459.51, -1518.5, "T", "SMD", "$1N1812", "", "R", 22.27, 21.26, 0, 315],
		[118, "R66_2", 1483.61, -1542.6, "T", "SMD", "LO2_1", "", "R", 22.27, 21.26, 0, 315],
		[119, "R67_1", 1311.01, -1666.99, "T", "SMD", "$1N1932", "", "R", 22.27, 21.26, 0, 315],
		[120, "R67_2", 1335.11, -1691.09, "T", "SMD", "LO1_1", "", "R", 22.27, 21.26, 0, 315],
		[121, "R68_1", 1306.83, -1719.38, "T", "SMD", "GND", "GND", "R", 22.27, 21.26, 0, 135],
		[122, "R68_2", 1282.73, -1695.28, "T", "SMD", "$1N1932", "", "R", 22.27, 21.26, 0, 135],
		[123, "R69_1", 1455.32, -1570.88, "T", "SMD", "GND", "GND", "R", 22.27, 21.26, 0, 135],
		[124, "R69_2", 1431.22, -1546.79, "T", "SMD", "$1N1812", "", "R", 22.27, 21.26, 0, 135],
		[125, "R70_1", 1603.81, -1422.39, "T", "SMD", "GND", "GND", "R", 22.27, 21.26, 0, 135],
		[126, "R70_2", 1579.72, -1398.29, "T", "SMD", "$1N1822", "", "R", 22.27, 21.26, 0, 135],
		[127, "R71_1", 1371.12, -1606.89, "T", "SMD", "VS1_1", "", "R", 22.27, 21.26, 0, 315],
		[128, "R71_2", 1395.22, -1630.99, "T", "SMD", "MA_1", "", "R", 22.27, 21.26, 0, 315],
		[129, "R72_1", 1519.61, -1458.4, "T", "SMD", "VS2_1", "", "R", 22.27, 21.26, 0, 315],
		[130, "R72_2", 1543.71, -1482.5, "T", "SMD", "MB_1", "", "R", 22.27, 21.26, 0, 315],
		[131, "R73_1", 1668.1, -1309.91, "T", "SMD", "VS3_1", "", "R", 22.27, 21.26, 0, 315],
		[132, "R73_2", 1692.2, -1334, "T", "SMD", "MC_1", "", "R", 22.27, 21.26, 0, 315],
		[133, "R74_1", 1554.97, -1550.32, "T", "SMD", "MA_1", "", "R", 22.27, 21.26, 0, 315],
		[134, "R74_2", 1579.06, -1574.42, "T", "SMD", "CC_1", "", "R", 22.27, 21.26, 0, 315],
		[135, "R75_1", 1590.32, -1514.97, "T", "SMD", "MB_1", "", "R", 22.27, 21.26, 0, 315],
		[136, "R75_2", 1614.42, -1539.06, "T", "SMD", "CC_1", "", "R", 22.27, 21.26, 0, 315],
		[137, "R76_1", 1625.68, -1479.61, "T", "SMD", "MC_1", "", "R", 22.27, 21.26, 0, 315],
		[138, "R76_2", 1649.78, -1503.71, "T", "SMD", "CC_1", "", "R", 22.27, 21.26, 0, 315],
		[139, "R77_1", 1720.49, -1305.72, "T", "SMD", "MC_1", "", "R", 22.27, 21.26, 0, 135],
		[140, "R77_2", 1696.39, -1281.62, "T", "SMD", "GND", "GND", "R", 22.27, 21.26, 0, 135],
		[141, "R78_1", 1571.99, -1454.21, "T", "SMD", "MB_1", "", "R", 22.27, 21.26, 0, 135],
		[142, "R78_2", 1547.9, -1430.11, "T", "SMD", "GND", "GND", "R", 22.27, 21.26, 0, 135],
		[143, "R79_1", 1423.5, -1602.7, "T", "SMD", "MA_1", "", "R", 22.27, 21.26, 0, 135],
		[144, "R79_2", 1399.4, -1578.61, "T", "SMD", "GND", "GND", "R", 22.27, 21.26, 0, 135],
		[145, "R82_1", 1810.43, -1534.66, "T", "SMD", "$1N1853", "", "R", 31.75, 34.02, 0, 315],
		[146, "R82_2", 1852.38, -1576.61, "T", "SMD", "PPM_1", "", "R", 31.75, 34.02, 0, 315],
		[147, "R83_1", 1725.58, -1449.81, "T", "SMD", "3V3", "", "R", 31.75, 34.02, 0, 315],
		[148, "R83_2", 1767.53, -1491.75, "T", "SMD", "C2CK_1", "", "R", 31.75, 34.02, 0, 315],
		[149, "R84_1", -859.38, 1141.74, "B", "SMD", "IRLED", "", "R", 31.75, 34.02, 0, 225],
		[150, "R84_2", -901.32, 1099.79, "B", "SMD", "$1N5489", "", "R", 31.75, 34.02, 0, 225],
		[151, "R85_1", -859.38, 1141.74, "T", "SMD", "IRLED", "", "R", 31.75, 34.02, 0, 225],
		[152, "R85_2", -901.32, 1099.79, "T", "SMD", "$1N5615", "", "R", 31.75, 34.02, 0, 225],
		[153, "SCREW1_1", 1036.11, -1036.11, "T", "DIP", "SCREW1_1", "", "C", 78.74, 78.74, 78.74, 45],
		[154, "SCREW1_1", 1036.11, -1036.11, "B", "DIP", "SCREW1_1", "", "C", 78.74, 78.74, 78.74, 45],
		[155, "SCREW2_1", 1358.26, -2244.09, "T", "DIP", "SCREW2_1", "", "C", 78.74, 78.74, 78.74, 45],
		[156, "SCREW2_1", 1358.26, -2244.09, "B", "DIP", "SCREW2_1", "", "C", 78.74, 78.74, 78.74, 45],
		[157, "SCREW3_1", 2244.09, -1358.26, "T", "DIP", "SCREW3_1", "", "C", 78.74, 78.74, 78.74, 45],
		[158, "SCREW3_1", 2244.09, -1358.26, "B", "DIP", "SCREW3_1", "", "C", 78.74, 78.74, 78.74, 45],
		[159, "U2_1", 1715.56, -1542.23, "T", "SMD", "MC_1", "", "R", 13.39, 19.68, 0, 225],
		[160, "U2_2", 1699.6, -1554.12, "T", "SMD", "MA_1", "", "R", 9.84, 27.56, 0, 225],
		[161, "U2_3", 1685.68, -1568.03, "T", "SMD", "GND", "GND", "R", 9.84, 27.56, 0, 225],
		[162, "U2_4", 1671.76, -1581.96, "T", "SMD", "3V3", "", "R", 9.84, 27.56, 0, 225],
		[163, "U2_5", 1657.84, -1595.87, "T", "SMD", "C2CK_1", "", "R", 9.84, 27.56, 0, 225],
		[164, "U2_6", 1645.96, -1611.83, "T", "SMD", "C2D_1", "", "R", 13.39, 19.68, 0, 225],
		[165, "U2_7", 1657.75, -1634.93, "T", "SMD", "U2_7", "", "R", 27.56, 9.84, 0, 225],
		[166, "U2_8", 1671.67, -1648.85, "T", "SMD", "LIN3_1", "", "R", 27.56, 9.84, 0, 225],
		[167, "U2_9", 1685.6, -1662.77, "T", "SMD", "LIN2_1", "", "R", 27.56, 9.84, 0, 225],
		[168, "U2_10", 1699.51, -1676.69, "T", "SMD", "LIN1_1", "", "R", 27.56, 9.84, 0, 225],
		[169, "U2_11", 1722.61, -1688.49, "T", "SMD", "HIN3_1", "", "R", 13.39, 19.68, 0, 225],
		[170, "U2_12", 1738.57, -1676.6, "T", "SMD", "GND", "GND", "R", 9.84, 27.56, 0, 225],
		[171, "U2_13", 1752.49, -1662.69, "T", "SMD", "HIN2_1", "", "R", 9.84, 27.56, 0, 225],
		[172, "U2_14", 1766.41, -1648.77, "T", "SMD", "HIN1_1", "", "R", 9.84, 27.56, 0, 225],
		[173, "U2_15", 1780.33, -1634.85, "T", "SMD", "U2_15", "", "R", 9.84, 27.56, 0, 225],
		[174, "U2_16", 1792.21, -1618.89, "T", "SMD", "U2_16", "", "R", 13.39, 19.68, 0, 225],
		[175, "U2_17", 1780.33, -1595.87, "T", "SMD", "U2_17", "", "R", 27.56, 9.84, 0, 225],
		[176, "U2_18", 1766.41, -1581.96, "T", "SMD", "$1N1853", "", "R", 27.56, 9.84, 0, 225],
		[177, "U2_19", 1752.49, -1568.03, "T", "SMD", "CC_1", "", "R", 27.56, 9.84, 0, 225],
		[178, "U2_20", 1738.57, -1554.11, "T", "SMD", "MB_1", "", "R", 27.56, 9.84, 0, 225],
		[179, "U2_21", 1719.08, -1615.36, "T", "SMD", "GND", "GND", "R", 66.93, 66.93, 0, 225],
		[180, "U79_1", 1851.76, -1487.46, "T", "SMD", "5V", "", "R", 39.37, 23.62, 0, 315],
		[181, "U79_2", 1878.21, -1461.01, "T", "SMD", "GND", "GND", "R", 39.37, 23.62, 0, 315],
		[182, "U79_3", 1904.65, -1434.57, "T", "SMD", "5V", "", "R", 39.37, 23.62, 0, 315],
		[183, "U79_4", 1832.27, -1362.18, "T", "SMD", "GND", "GND", "R", 39.37, 23.62, 0, 315],
		[184, "U79_5", 1779.37, -1415.07, "T", "SMD", "3V3", "", "R", 39.37, 23.62, 0, 315],
		[185, "U82_1", 1591.28, -1749.12, "T", "SMD", "LIN1_1", "", "R", 11.02, 26.18, 0, 135],
		[186, "U82_2", 1577.36, -1735.21, "T", "SMD", "LIN2_1", "", "R", 11.02, 26.18, 0, 135],
		[187, "U82_3", 1563.44, -1721.29, "T", "SMD", "LIN3_1", "", "R", 11.02, 26.18, 0, 135],
		[188, "U82_4", 1549.52, -1707.37, "T", "SMD", "VBAT", "", "R", 11.02, 26.18, 0, 135],
		[189, "U82_5", 1535.6, -1693.45, "T", "SMD", "U82_5", "", "R", 11.02, 26.18, 0, 135],
		[190, "U82_6", 1521.68, -1679.53, "T", "SMD", "GND", "GND", "R", 11.02, 26.18, 0, 135],
		[191, "U82_7", 1485.07, -1679.53, "T", "SMD", "U82_7", "", "R", 26.18, 11.02, 0, 135],
		[192, "U82_8", 1471.15, -1693.45, "T", "SMD", "U82_8", "", "R", 26.18, 11.02, 0, 135],
		[193, "U82_9", 1457.23, -1707.37, "T", "SMD", "LO3_1", "", "R", 26.18, 11.02, 0, 135],
		[194, "U82_10", 1443.31, -1721.29, "T", "SMD", "LO2_1", "", "R", 26.18, 11.02, 0, 135],
		[195, "U82_11", 1429.39, -1735.21, "T", "SMD", "LO1_1", "", "R", 26.18, 11.02, 0, 135],
		[196, "U82_12", 1415.48, -1749.12, "T", "SMD", "VS3_1", "", "R", 26.18, 11.02, 0, 135],
		[197, "U82_13", 1415.48, -1785.74, "T", "SMD", "HO3_1", "", "R", 11.02, 26.18, 0, 135],
		[198, "U82_14", 1429.39, -1799.65, "T", "SMD", "VB3_1", "", "R", 11.02, 26.18, 0, 135],
		[199, "U82_15", 1443.31, -1813.58, "T", "SMD", "VS2_1", "", "R", 11.02, 26.18, 0, 135],
		[200, "U82_16", 1457.23, -1827.49, "T", "SMD", "HO2_1", "", "R", 11.02, 26.18, 0, 135],
		[201, "U82_17", 1471.15, -1841.42, "T", "SMD", "VB2_1", "", "R", 11.02, 26.18, 0, 135],
		[202, "U82_18", 1485.07, -1855.33, "T", "SMD", "VS1_1", "", "R", 11.02, 26.18, 0, 135],
		[203, "U82_19", 1521.68, -1855.33, "T", "SMD", "HO1_1", "", "R", 26.18, 11.02, 0, 135],
		[204, "U82_20", 1535.6, -1841.42, "T", "SMD", "VB1_1", "", "R", 26.18, 11.02, 0, 135],
		[205, "U82_21", 1549.52, -1827.49, "T", "SMD", "U82_21", "", "R", 26.18, 11.02, 0, 135],
		[206, "U82_22", 1563.44, -1813.58, "T", "SMD", "HIN1_1", "", "R", 26.18, 11.02, 0, 135],
		[207, "U82_23", 1577.36, -1799.65, "T", "SMD", "HIN2_1", "", "R", 26.18, 11.02, 0, 135],
		[208, "U82_24", 1591.28, -1785.74, "T", "SMD", "HIN3_1", "", "R", 26.18, 11.02, 0, 135],
		[209, "U82_25", 1503.38, -1767.43, "T", "SMD", "GND", "GND", "R", 100.39, 100.39, 0, 135],
		[210, "U83_1", 1962.22, -1608.67, "T", "SMD", "5V", "", "P", 97.83, 97.83, 0, 135],
		[211, "U83_2", 1891.51, -1679.38, "T", "SMD", "PPM_1", "", "P", 97.83, 97.83, 0, 135],
		[212, "U83_3", 1820.8, -1750.09, "T", "SMD", "C2CK_1", "", "P", 97.83, 97.83, 0, 135],
		[213, "U83_4", 1750.09, -1820.8, "T", "SMD", "C2D_1", "", "P", 97.83, 97.83, 0, 135],
		[214, "U83_5", 1679.38, -1891.51, "T", "SMD", "GND", "GND", "P", 97.83, 97.83, 0, 135],
		[215, "U83_6", 1608.67, -1962.22, "T", "SMD", "VBAT", "", "P", 97.83, 97.83, 0, 135],
		[216, "U85_1", 2068.79, -1287.96, "T", "SMD", "WS2812_DIN", "", "P", 98.43, 62.99, 0, 180],
		[217, "U86_1", 1287.95, -2068.78, "T", "SMD", "WS2812_DOUT", "", "P", 62.99, 98.43, 0, 90],
		[218, "U87_1", 2080.93, -1489.96, "T", "SMD", "IRLED", "", "P", 97.83, 97.83, 0, 135]
	]
}
}