{
"lengthUnit": "mil",
"components": {
	"fields": ["COMPONENT_NO", "COMPONENT_NAME", "LAYER", "X_COORDINATE", "Y_COORDINATE", "ANGLE"],
	"rows": [
		[1, "C8", "T", 345, 85, 0],
		[2, "C9", "T", -375, 155, 180],
		[3, "C12", "B", -310, -65, 270],
		[4, "C13", "T", 345, 310, 180],
		[5, "C14", "T", 210, -245, 180],
		[6, "C15", "B", -160, -290, 0],
		[7, "C16", "B", -310, 175, 270],
		[8, "C17", "B", -175, 290, 0],
		[9, "C20", "B", 180, 285, 0],
		[10, "C21", "B", 120, -290, 0],
		[11, "C40", "T", -385, -215, 225],
		[12, "C41", "T", -375, -375, 135],
		[13, "C42", "T", -375, -90, 180],
		[14, "C51", "B", -310, 55, 270],
		[15, "C52", "B", -450, 175, 270],
		[16, "C53", "T", 240, 280, 270],
		[17, "C63", "T", -210, -380, 225],
		[18, "C68", "T", 30, 375, 270],
		[19, "C69", "T", -160, 375, 90],
		[20, "CARD1", "B", -180, 0, 270],
		[21, "LED1", "T", 171.79, 405, 90],
		[22, "LED2", "T", 380, 405, 90],
		[23, "Q1", "T", 125, -410, 180],
		[24, "Q2", "T", -85, -410, 0],
		[25, "R15", "T", 20, -410, 90],
		[26, "R20", "T", -70, -315, 0],
		[27, "R25", "B", -5, -290, 180],
		[28, "R26", "B", -5, -410, 0],
		[29, "R27", "B", -5, -350, 180],
		[30, "R28", "B", -175, 355, 0],
		[31, "R29", "B", -380, 175, 90],
		[32, "R30", "B", 470, -180, 270],
		[33, "R32", "B", 340, -180, 90],
		[34, "R33", "B", 280, -180, 270],
		[35, "R34", "B", 410, -180, 270],
		[36, "R35", "T", 100, -315, 0],
		[37, "R40", "B", 25, 285, 0],
		[38, "R41", "B", 25, 350, 0],
		[39, "R42", "T", 242.16, 405, 90],
		[40, "R43", "T", 309.21, 405, 90],
		[41, "R45", "T", 101, 375, 270],
		[42, "R46", "T", 340, -485, 315],
		[43, "R47", "T", 485, -340, 315],
		[44, "SCREW1", "T", 626.38, 626.38, 0],
		[45, "SCREW2", "T", 626.38, -626.38, 0],
		[46, "SCREW3", "T", -626.38, -626.38, 0],
		[47, "SCREW4", "T", -626.38, 626.38, 0],
		[48, "SW1", "T", -415, 315, 315],
		[49, "SW2", "T", -315, 415, 315],
		[50, "U5", "T", -15, 0, 270],
		[51, "U31", "T", 345, 200, 270],
		[52, "U34", "T", -295.28, -295.28, 315],
		[53, "U79", "T", -65, 375, 90],
		[54, "U83", "T", 540, -100, 0],
		[55, "U84", "T", 100, 540, 90],
		[56, "U86", "T", -100, -540, 270],
		[57, "U87", "T", -540, 100, 180],
		[58, "U89", "T", 413.39, -413.39, 135],
		[59, "U90", "T", 559.28, 447.7, 45],
		[60, "U91", "T", 445.9, 561.08, 45],
		[61, "U92", "T", 502, 503.8, 45],
		[62, "U93", "T", -350, -540, 90],
		[63, "U94", "T", -540, -350, 0],
		[64, "X3", "T", -375.93, 31.01, 270]
	]
},
"pins": {
	"fields": ["PIN_NO", "PIN_NAME", "PIN_X", "PIN_Y", "LAYER", "PIN_TYPE", "NET_NAME", "NET_TYPE", "PAD_SHAPE", "PAD_SIZEX", "PAD_SIZEY", "HOLE_SIZE", "PAD_ANGLE"],
	"rows": [
		[1, "C8_1", 317.44, 85, "T", "SMD", "GND", "GND", "R", 31.5, 35.43, 0, 0],
		[2, "C8_2", 372.56, 85, "T", "SMD", "5V", "", "R", 31.5, 35.43, 0, 0],
		[3, "C9_1", -347.44, 155, "T", "SMD", "GND", "GND", "R", 31.5, 35.43, 0, 180],
		[4, "C9_2", -402.56, 155, "T", "SMD", "OSCIN", "", "R", 31.5, 35.43, 0, 180],
		[5, "C12_1", -310, -37.44, "B", "SMD", "GND", "GND", "R", 31.5, 35.43, 0, 270],
		[6, "C12_2", -310, -92.56, "B", "SMD", "3V3", "", "R", 31.5, 35.43, 0, 270],
		[7, "C13_1", 372.56, 310, "T", "SMD", "GND", "GND", "R", 31.5, 35.43, 0, 180],
		[8, "C13_2", 317.44, 310, "T", "SMD", "3V3", "", "R", 31.5, 35.43, 0, 180],
		[9, "C14_1", 237.56, -245, "T", "SMD", "GND", "GND", "R", 31.5, 35.43, 0, 180],
		[10, "C14_2", 182.44, -245, "T", "SMD", "3V3", "", "R", 31.5, 35.43, 0, 180],
		[11, "C15_1", -187.56, -290, "B", "SMD", "GND", "GND", "R", 31.5, 35.43, 0, 0],
		[12, "C15_2", -132.44, -290, "B", "SMD", "3V3", "", "R", 31.5, 35.43, 0, 0],
		[13, "C16_1", -310, 202.56, "B", "SMD", "GND", "GND", "R", 31.5, 35.43, 0, 270],
		[14, "C16_2", -310, 147.44, "B", "SMD", "3V3", "", "R", 31.5, 35.43, 0, 270],
		[15, "C17_1", -202.56, 290, "B", "SMD", "GND", "GND", "R", 31.5, 35.43, 0, 0],
		[16, "C17_2", -147.44, 290, "B", "SMD", "3V3", "", "R", 31.5, 35.43, 0, 0],
		[17, "C20_1", 152.44, 285, "B", "SMD", "GND", "GND", "R", 31.5, 35.43, 0, 0],
		[18, "C20_2", 207.56, 285, "B", "SMD", "$1N7139", "", "R", 31.5, 35.43, 0, 0],
		[19, "C21_1", 92.44, -290, "B", "SMD", "GND", "GND", "R", 31.5, 35.43, 0, 0],
		[20, "C21_2", 147.56, -290, "B", "SMD", "$1N7140", "", "R", 31.5, 35.43, 0, 0],
		[21, "C40_1", -365.51, -195.51, "T", "SMD", "GND", "GND", "R", 31.5, 35.43, 0, 225],
		[22, "C40_2", -404.49, -234.49, "T", "SMD", "3V3", "", "R", 31.5, 35.43, 0, 225],
		[23, "C41_1", -355.51, -394.49, "T", "SMD", "GND", "GND", "R", 31.5, 35.43, 0, 135],
		[24, "C41_2", -394.49, -355.51, "T", "SMD", "3V3", "", "R", 31.5, 35.43, 0, 135],
		[25, "C42_1", -347.44, -90, "T", "SMD", "OSCOUT", "", "R", 31.5, 35.43, 0, 180],
		[26, "C42_2", -402.56, -90, "T", "SMD", "GND", "GND", "R", 31.5, 35.43, 0, 180],
		[27, "C51_1", -310, 82.56, "B", "SMD", "GND", "GND", "R", 31.5, 35.43, 0, 270],
		[28, "C51_2", -310, 27.44, "B", "SMD", "3V3", "", "R", 31.5, 35.43, 0, 270],
		[29, "C52_1", -450, 202.56, "B", "SMD", "NRST", "", "R", 31.5, 35.43, 0, 270],
		[30, "C52_2", -450, 147.44, "B", "SMD", "GND", "GND", "R", 31.5, 35.43, 0, 270],
		[31, "C53_1", 240, 307.56, "T", "SMD", "GND", "GND", "R", 31.5, 35.43, 0, 270],
		[32, "C53_2", 240, 252.44, "T", "SMD", "3V3", "", "R", 31.5, 35.43, 0, 270],
		[33, "C63_1", -190.51, -360.51, "T", "SMD", "GND", "GND", "R", 31.5, 35.43, 0, 225],
		[34, "C63_2", -229.49, -399.49, "T", "SMD", "3V3", "", "R", 31.5, 35.43, 0, 225],
		[35, "C68_1", 30, 402.56, "T", "SMD", "GND", "GND", "R", 31.5, 35.43, 0, 270],
		[36, "C68_2", 30, 347.44, "T", "SMD", "3V3", "", "R", 31.5, 35.43, 0, 270],
		[37, "C69_1", -160, 347.44, "T", "SMD", "GND", "GND", "R", 31.5, 35.43, 0, 90],
		[38, "C69_2", -160, 402.56, "T", "SMD", "3V3", "", "R", 31.5, 35.43, 0, 90],
		[39, "CARD1_1", -229.22, -148.62, "B", "SMD", "CARD1_1", "", "R", 47.24, 27.56, 0, 180],
		[40, "CARD1_2", -229.22, -105.31, "B", "SMD", "PC1", "", "R", 47.24, 27.56, 0, 180],
		[41, "CARD1_3", -229.22, -62.01, "B", "SMD", "PB5", "", "R", 47.24, 27.56, 0, 180],
		[42, "CARD1_4", -229.22, -18.7, "B", "SMD", "3V3", "", "R", 47.24, 27.56, 0, 180],
		[43, "CARD1_5", -229.22, 24.61, "B", "SMD", "PB3", "", "R", 47.24, 27.56, 0, 180],
		[44, "CARD1_6", -229.22, 67.91, "B", "SMD", "GND", "GND", "R", 47.24, 27.56, 0, 180],
		[45, "CARD1_7", -229.21, 111.22, "B", "SMD", "PB4", "", "R", 47.24, 27.56, 0, 180],
		[46, "CARD1_8", -229.21, 154.53, "B", "SMD", "CARD1_8", "", "R", 47.24, 27.56, 0, 180],
		[47, "CARD1_9", -130.78, 213.58, "B", "SMD", "GND", "GND", "R", 149.61, 59.05, 0, 0],
		[48, "CARD1_10", -160.31, -213.58, "B", "SMD", "GND", "GND", "R", 55.12, 57.09, 0, 0],
		[49, "LED1_1", 171.8, 373.52, "T", "SMD", "LED0", "", "R", 31.5, 31.5, 0, 180],
		[50, "LED1_2", 171.79, 436.48, "T", "SMD", "$1N7752", "", "R", 31.5, 31.5, 0, 180],
		[51, "LED2_1", 380, 373.52, "T", "SMD", "LED1", "", "R", 31.5, 31.5, 0, 180],
		[52, "LED2_2", 380, 436.48, "T", "SMD", "$1N7753", "", "R", 31.5, 31.5, 0, 180],
		[53, "Q1_1", 85.63, -372.6, "T", "SMD", "$1N7387", "", "R", 49.21, 27.56, 0, 180],
		[54, "Q1_2", 85.63, -447.4, "T", "SMD", "GND", "GND", "R", 49.21, 27.56, 0, 180],
		[55, "Q1_3", 164.37, -410, "T", "SMD", "BEEP-", "", "R", 49.21, 27.56, 0, 180],
		[56, "Q2_1", -45.63, -447.4, "T", "SMD", "SBUS", "", "R", 49.21, 27.56, 0, 0],
		[57, "Q2_2", -45.63, -372.6, "T", "SMD", "GND", "GND", "R", 49.21, 27.56, 0, 0],
		[58, "Q2_3", -124.37, -410, "T", "SMD", "PA3", "", "R", 49.21, 27.56, 0, 0],
		[59, "R15_1", 20, -439.66, "T", "SMD", "GND", "GND", "R", 31.75, 34.02, 0, 90],
		[60, "R15_2", 20, -380.34, "T", "SMD", "$1N7387", "", "R", 31.75, 34.02, 0, 90],
		[61, "R20_1", -99.66, -315, "T", "SMD", "PA3", "", "R", 31.75, 34.02, 0, 0],
		[62, "R20_2", -40.34, -315, "T", "SMD", "3V3", "", "R", 31.75, 34.02, 0, 0],
		[63, "R25_1", 24.66, -290, "B", "SMD", "BOOT1", "", "R", 31.75, 34.02, 0, 180],
		[64, "R25_2", -34.66, -290, "B", "SMD", "GND", "GND", "R", 31.75, 34.02, 0, 180],
		[65, "R26_1", -34.66, -410, "B", "SMD", "VBAT", "", "R", 31.75, 34.02, 0, 0],
		[66, "R26_2", 24.66, -410, "B", "SMD", "ADC_BAT", "", "R", 31.75, 34.02, 0, 0],
		[67, "R27_1", 24.66, -350, "B", "SMD", "ADC_BAT", "", "R", 31.75, 34.02, 0, 180],
		[68, "R27_2", -34.66, -350, "B", "SMD", "GND", "GND", "R", 31.75, 34.02, 0, 180],
		[69, "R28_1", -204.66, 355, "B", "SMD", "BOOT0", "", "R", 31.75, 34.02, 0, 0],
		[70, "R28_2", -145.34, 355, "B", "SMD", "GND", "GND", "R", 31.75, 34.02, 0, 0],
		[71, "R29_1", -380, 145.34, "B", "SMD", "3V3", "", "R", 31.75, 34.02, 0, 90],
		[72, "R29_2", -380, 204.66, "B", "SMD", "NRST", "", "R", 31.75, 34.02, 0, 90],
		[73, "R30_1", 470, -150.34, "B", "SMD", "PA11", "", "R", 31.75, 34.02, 0, 270],
		[74, "R30_2", 470, -209.66, "B", "SMD", "USB_DM", "", "R", 31.75, 34.02, 0, 270],
		[75, "R32_1", 340, -209.66, "B", "SMD", "5V", "", "R", 31.75, 34.02, 0, 90],
		[76, "R32_2", 340, -150.34, "B", "SMD", "PB12", "", "R", 31.75, 34.02, 0, 90],
		[77, "R33_1", 280, -150.34, "B", "SMD", "PB12", "", "R", 31.75, 34.02, 0, 270],
		[78, "R33_2", 280, -209.66, "B", "SMD", "GND", "GND", "R", 31.75, 34.02, 0, 270],
		[79, "R34_1", 410, -150.34, "B", "SMD", "PA12", "", "R", 31.75, 34.02, 0, 270],
		[80, "R34_2", 410, -209.66, "B", "SMD", "USB_DP", "", "R", 31.75, 34.02, 0, 270],
		[81, "R35_1", 70.34, -315, "T", "SMD", "BEEPER", "", "R", 31.75, 34.02, 0, 0],
		[82, "R35_2", 129.66, -315, "T", "SMD", "$1N7387", "", "R", 31.75, 34.02, 0, 0],
		[83, "R40_1", -4.66, 285, "B", "SMD", "I2C1_SCL", "", "R", 31.75, 34.02, 0, 0],
		[84, "R40_2", 54.66, 285, "B", "SMD", "3V3", "", "R", 31.75, 34.02, 0, 0],
		[85, "R41_1", -4.66, 350, "B", "SMD", "I2C1_SDA", "", "R", 31.75, 34.02, 0, 0],
		[86, "R41_2", 54.66, 350, "B", "SMD", "3V3", "", "R", 31.75, 34.02, 0, 0],
		[87, "R42_1", 242.16, 375.34, "T", "SMD", "3V3", "", "R", 31.75, 34.02, 0, 90],
		[88, "R42_2", 242.16, 434.66, "T", "SMD", "$1N7752", "", "R", 31.75, 34.02, 0, 90],
		[89, "R43_1", 309.21, 375.34, "T", "SMD", "3V3", "", "R", 31.75, 34.02, 0, 90],
		[90, "R43_2", 309.21, 434.66, "T", "SMD", "$1N7753", "", "R", 31.75, 34.02, 0, 90],
		[91, "R45_1", 101, 404.66, "T", "SMD", "GND", "GND", "R", 31.75, 34.02, 0, 270],
		[92, "R45_2", 101, 345.34, "T", "SMD", "$1N11868", "", "R", 31.75, 34.02, 0, 270],
		[93, "R46_1", 319.03, -464.03, "T", "SMD", "GND", "GND", "R", 31.75, 34.02, 0, 315],
		[94, "R46_2", 360.97, -505.97, "T", "SMD", "$1N12580", "", "R", 31.75, 34.02, 0, 315],
		[95, "R47_1", 464.03, -319.03, "T", "SMD", "$1N12606", "", "R", 31.75, 34.02, 0, 315],
		[96, "R47_2", 505.97, -360.97, "T", "SMD", "GND", "GND", "R", 31.75, 34.02, 0, 315],
		[97, "SCREW1_1", 626.38, 626.38, "T", "DIP", "GND", "GND", "C", 126, 126, 126, 0],
		[98, "SCREW1_1", 626.38, 626.38, "B", "DIP", "GND", "GND", "C", 126, 126, 126, 0],
		[99, "SCREW2_1", 626.38, -626.38, "T", "DIP", "GND", "GND", "C", 126, 126, 126, 0],
		[100, "SCREW2_1", 626.38, -626.38, "B", "DIP", "GND", "GND", "C", 126, 126, 126, 0],
		[101, "SCREW3_1", -626.38, -626.38, "T", "DIP", "GND", "GND", "C", 126, 126, 126, 0],
		[102, "SCREW3_1", -626.38, -626.38, "B", "DIP", "GND", "GND", "C", 126, 126, 126, 0],
		[103, "SCREW4_1", -626.38, 626.38, "T", "DIP", "GND", "GND", "C", 126, 126, 126, 0],
		[104, "SCREW4_1", -626.38, 626.38, "B", "DIP", "GND", "GND", "C", 126, 126, 126, 0],
		[105, "SW1_1", -471.65, 371.65, "T", "SMD", "GND", "GND", "R", 60.24, 53.54, 0, 315],
		[106, "SW1_2", -358.35, 258.35, "T", "SMD", "NRST", "", "R", 60.24, 53.54, 0, 315],
		[107, "SW2_1", -371.65, 471.65, "T", "SMD", "3V3", "", "R", 60.24, 53.54, 0, 315],
		[108, "SW2_2", -258.35, 358.35, "T", "SMD", "BOOT0", "", "R", 60.24, 53.54, 0, 315],
		[109, "U5_1", -241.37, 147.64, "T", "SMD", "3V3", "", "O", 11.81, 78.74, 0, 270],
		[110, "U5_2", -241.37, 127.95, "T", "SMD", "BEEPER", "", "O", 11.81, 78.74, 0, 270],
		[111, "U5_3", -241.37, 108.27, "T", "SMD", "U5_3", "", "O", 11.81, 78.74, 0, 270],
		[112, "U5_4", -241.37, 88.58, "T", "SMD", "U5_4", "", "O", 11.81, 78.74, 0, 270],
		[113, "U5_5", -241.37, 68.9, "T", "SMD", "OSCIN", "", "O", 11.81, 78.74, 0, 270],
		[114, "U5_6", -241.37, 49.21, "T", "SMD", "OSCOUT", "", "O", 11.81, 78.74, 0, 270],
		[115, "U5_7", -241.37, 29.53, "T", "SMD", "NRST", "", "O", 11.81, 78.74, 0, 270],
		[116, "U5_8", -241.37, 9.84, "T", "SMD", "U5_8", "", "O", 11.81, 78.74, 0, 270],
		[117, "U5_9", -241.37, -9.84, "T", "SMD", "PC1", "", "O", 11.81, 78.74, 0, 270],
		[118, "U5_10", -241.37, -29.53, "T", "SMD", "IMU_CS", "", "O", 11.81, 78.74, 0, 270],
		[119, "U5_11", -241.37, -49.21, "T", "SMD", "U5_11", "", "O", 11.81, 78.74, 0, 270],
		[120, "U5_12", -241.37, -68.9, "T", "SMD", "GND", "GND", "O", 11.81, 78.74, 0, 270],
		[121, "U5_13", -241.37, -88.58, "T", "SMD", "3V3", "", "O", 11.81, 78.74, 0, 270],
		[122, "U5_14", -241.37, -108.27, "T", "SMD", "PA0", "", "O", 11.81, 78.74, 0, 270],
		[123, "U5_15", -241.37, -127.95, "T", "SMD", "PA1", "", "O", 11.81, 78.74, 0, 270],
		[124, "U5_16", -241.37, -147.64, "T", "SMD", "PA2", "", "O", 11.81, 78.74, 0, 270],
		[125, "U5_17", -162.64, -226.37, "T", "SMD", "PA3", "", "O", 78.74, 11.81, 0, 270],
		[126, "U5_18", -142.95, -226.37, "T", "SMD", "GND", "GND", "O", 78.74, 11.81, 0, 270],
		[127, "U5_19", -123.27, -226.37, "T", "SMD", "3V3", "", "O", 78.74, 11.81, 0, 270],
		[128, "U5_20", -103.58, -226.37, "T", "SMD", "DAC", "", "O", 78.74, 11.81, 0, 270],
		[129, "U5_21", -83.9, -226.37, "T", "SMD", "LSM_SCK", "", "O", 78.74, 11.81, 0, 270],
		[130, "U5_22", -64.21, -226.37, "T", "SMD", "LSM_MISO", "", "O", 78.74, 11.81, 0, 270],
		[131, "U5_23", -44.53, -226.37, "T", "SMD", "LSM_MOSI", "", "O", 78.74, 11.81, 0, 270],
		[132, "U5_24", -24.84, -226.37, "T", "SMD", "ADC_CURRENT", "", "O", 78.74, 11.81, 0, 270],
		[133, "U5_25", -5.16, -226.37, "T", "SMD", "ADC_BAT", "", "O", 78.74, 11.81, 0, 270],
		[134, "U5_26", 14.53, -226.37, "T", "SMD", "U5_26", "", "O", 78.74, 11.81, 0, 270],
		[135, "U5_27", 34.21, -226.37, "T", "SMD", "ADC_RSSI", "", "O", 78.74, 11.81, 0, 270],
		[136, "U5_28", 53.9, -226.37, "T", "SMD", "BOOT1", "", "O", 78.74, 11.81, 0, 270],
		[137, "U5_29", 73.58, -226.37, "T", "SMD", "U5_29", "", "O", 78.74, 11.81, 0, 270],
		[138, "U5_30", 93.27, -226.37, "T", "SMD", "U5_30", "", "O", 78.74, 11.81, 0, 270],
		[139, "U5_31", 112.95, -226.37, "T", "SMD", "$1N7140", "", "O", 78.74, 11.81, 0, 270],
		[140, "U5_32", 132.64, -226.37, "T", "SMD", "3V3", "", "O", 78.74, 11.81, 0, 270],
		[141, "U5_33", 211.37, -147.64, "T", "SMD", "PB12", "", "O", 11.81, 78.74, 0, 270],
		[142, "U5_34", 211.37, -127.95, "T", "SMD", "U5_34", "", "O", 11.81, 78.74, 0, 270],
		[143, "U5_35", 211.37, -108.27, "T", "SMD", "U5_35", "", "O", 11.81, 78.74, 0, 270],
		[144, "U5_36", 211.37, -88.58, "T", "SMD", "U5_36", "", "O", 11.81, 78.74, 0, 270],
		[145, "U5_37", 211.37, -68.9, "T", "SMD", "PC6", "", "O", 11.81, 78.74, 0, 270],
		[146, "U5_38", 211.37, -49.21, "T", "SMD", "PC7", "", "O", 11.81, 78.74, 0, 270],
		[147, "U5_39", 211.37, -29.53, "T", "SMD", "PC8", "", "O", 11.81, 78.74, 0, 270],
		[148, "U5_40", 211.37, -9.84, "T", "SMD", "PC9", "", "O", 11.81, 78.74, 0, 270],
		[149, "U5_41", 211.37, 9.84, "T", "SMD", "PA8", "", "O", 11.81, 78.74, 0, 270],
		[150, "U5_42", 211.37, 29.53, "T", "SMD", "PA9", "", "O", 11.81, 78.74, 0, 270],
		[151, "U5_43", 211.37, 49.21, "T", "SMD", "PA10", "", "O", 11.81, 78.74, 0, 270],
		[152, "U5_44", 211.37, 68.9, "T", "SMD", "PA11", "", "O", 11.81, 78.74, 0, 270],
		[153, "U5_45", 211.37, 88.58, "T", "SMD", "PA12", "", "O", 11.81, 78.74, 0, 270],
		[154, "U5_46", 211.37, 108.27, "T", "SMD", "PA13", "", "O", 11.81, 78.74, 0, 270],
		[155, "U5_47", 211.37, 127.95, "T", "SMD", "$1N7139", "", "O", 11.81, 78.74, 0, 270],
		[156, "U5_48", 211.37, 147.64, "T", "SMD", "3V3", "", "O", 11.81, 78.74, 0, 270],
		[157, "U5_49", 132.64, 226.37, "T", "SMD", "LED1", "", "O", 78.74, 11.81, 0, 270],
		[158, "U5_50", 112.95, 226.37, "T", "SMD", "LED_STRIP", "", "O", 78.74, 11.81, 0, 270],
		[159, "U5_51", 93.27, 226.37, "T", "SMD", "PC10", "", "O", 78.74, 11.81, 0, 270],
		[160, "U5_52", 73.58, 226.37, "T", "SMD", "PC11", "", "O", 78.74, 11.81, 0, 270],
		[161, "U5_53", 53.9, 226.37, "T", "SMD", "PC12", "", "O", 78.74, 11.81, 0, 270],
		[162, "U5_54", 34.21, 226.37, "T", "SMD", "PD2", "", "O", 78.74, 11.81, 0, 270],
		[163, "U5_55", 14.53, 226.37, "T", "SMD", "PB3", "", "O", 78.74, 11.81, 0, 270],
		[164, "U5_56", -5.16, 226.37, "T", "SMD", "PB4", "", "O", 78.74, 11.81, 0, 270],
		[165, "U5_57", -24.84, 226.37, "T", "SMD", "PB5", "", "O", 78.74, 11.81, 0, 270],
		[166, "U5_58", -44.53, 226.37, "T", "SMD", "I2C1_SCL", "", "O", 78.74, 11.81, 0, 270],
		[167, "U5_59", -64.21, 226.37, "T", "SMD", "I2C1_SDA", "", "O", 78.74, 11.81, 0, 270],
		[168, "U5_60", -83.9, 226.37, "T", "SMD", "BOOT0", "", "O", 78.74, 11.81, 0, 270],
		[169, "U5_61", -103.58, 226.37, "T", "SMD", "PB8", "", "O", 78.74, 11.81, 0, 270],
		[170, "U5_62", -123.27, 226.37, "T", "SMD", "LED0", "", "O", 78.74, 11.81, 0, 270],
		[171, "U5_63", -142.95, 226.37, "T", "SMD", "GND", "GND", "O", 78.74, 11.81, 0, 270],
		[172, "U5_64", -162.64, 226.37, "T", "SMD", "3V3", "", "O", 78.74, 11.81, 0, 270],
		[173, "U31_1", 307.6, 148.81, "T", "SMD", "5V", "", "R", 39.37, 23.62, 0, 270],
		[174, "U31_2", 345, 148.81, "T", "SMD", "GND", "GND", "R", 39.37, 23.62, 0, 270],
		[175, "U31_3", 382.4, 148.81, "T", "SMD", "5V", "", "R", 39.37, 23.62, 0, 270],
		[176, "U31_4", 382.4, 251.19, "T", "SMD", "GND", "GND", "R", 39.37, 23.62, 0, 270],
		[177, "U31_5", 307.6, 251.19, "T", "SMD", "3V3", "", "R", 39.37, 23.62, 0, 270],
		[178, "U34_1", -309.53, -239.26, "T", "SMD", "LSM_MISO", "", "R", 26.57, 11.02, 0, 315],
		[179, "U34_2", -323.45, -253.19, "T", "SMD", "GND", "GND", "R", 26.57, 11.02, 0, 315],
		[180, "U34_3", -337.37, -267.1, "T", "SMD", "GND", "GND", "R", 26.57, 11.02, 0, 315],
		[181, "U34_4", -351.29, -281.02, "T", "SMD", "U34_4", "", "R", 26.57, 11.02, 0, 315],
		[182, "U34_5", -337.38, -309.54, "T", "SMD", "3V3", "", "R", 11.02, 26.57, 0, 315],
		[183, "U34_6", -323.46, -323.46, "T", "SMD", "GND", "GND", "R", 11.02, 26.57, 0, 315],
		[184, "U34_7", -309.54, -337.38, "T", "SMD", "GND", "GND", "R", 11.02, 26.57, 0, 315],
		[185, "U34_8", -281.02, -351.29, "T", "SMD", "3V3", "", "R", 26.57, 11.02, 0, 315],
		[186, "U34_9", -267.1, -337.37, "T", "SMD", "U34_9", "", "R", 26.57, 11.02, 0, 315],
		[187, "U34_10", -253.19, -323.45, "T", "SMD", "U34_10", "", "R", 26.57, 11.02, 0, 315],
		[188, "U34_11", -239.26, -309.53, "T", "SMD", "U34_11", "", "R", 26.57, 11.02, 0, 315],
		[189, "U34_12", -253.17, -281.01, "T", "SMD", "IMU_CS", "", "R", 11.02, 26.57, 0, 315],
		[190, "U34_13", -267.09, -267.09, "T", "SMD", "LSM_SCK", "", "R", 11.02, 26.57, 0, 315],
		[191, "U34_14", -281.01, -253.17, "T", "SMD", "LSM_MOSI", "", "R", 11.02, 26.57, 0, 315],
		[192, "U79_1", -36.46, 413.39, "T", "SMD", "GND", "GND", "R", 17.72, 17.72, 0, 90],
		[193, "U79_2", -36.46, 387.79, "T", "SMD", "3V3", "", "R", 17.72, 17.72, 0, 90],
		[194, "U79_3", -36.46, 362.21, "T", "SMD", "I2C1_SDA", "", "R", 17.72, 17.72, 0, 90],
		[195, "U79_4", -36.46, 336.61, "T", "SMD", "I2C1_SCL", "", "R", 17.72, 17.72, 0, 90],
		[196, "U79_5", -93.54, 336.61, "T", "SMD", "$1N11868", "", "R", 17.72, 17.72, 0, 90],
		[197, "U79_6", -93.54, 362.21, "T", "SMD", "3V3", "", "R", 17.72, 17.72, 0, 90],
		[198, "U79_7", -93.54, 387.79, "T", "SMD", "GND", "GND", "R", 17.72, 17.72, 0, 90],
		[199, "U79_8", -93.54, 413.39, "T", "SMD", "3V3", "", "R", 17.72, 17.72, 0, 90],
		[200, "U83_1", 540, -250, "T", "SMD", "PA8", "", "P", 98.43, 62.99, 0, 0],
		[201, "U83_2", 540, -150, "T", "SMD", "PC6", "", "P", 98.43, 62.99, 0, 0],
		[202, "U83_3", 540, -50, "T", "SMD", "PA9", "", "P", 98.43, 62.99, 0, 0],
		[203, "U83_4", 540, 50, "T", "SMD", "PA10", "", "P", 98.43, 62.99, 0, 0],
		[204, "U83_5", 540, 150, "T", "SMD", "PC10", "", "P", 98.43, 62.99, 0, 0],
		[205, "U83_6", 540, 250, "T", "SMD", "PC11", "", "P", 98.43, 62.99, 0, 0],
		[206, "U84_1", 250, 540, "T", "SMD", "LED_STRIP", "", "P", 62.99, 98.43, 0, 90],
		[207, "U84_2", 150, 540, "T", "SMD", "PC7", "", "P", 62.99, 98.43, 0, 90],
		[208, "U84_3", 50, 540, "T", "SMD", "PC12", "", "P", 62.99, 98.43, 0, 90],
		[209, "U84_4", -50, 540, "T", "SMD", "PD2", "", "P", 62.99, 98.43, 0, 90],
		[210, "U84_5", -150, 540, "T", "SMD", "I2C1_SCL", "", "P", 62.99, 98.43, 0, 90],
		[211, "U84_6", -250, 540, "T", "SMD", "I2C1_SDA", "", "P", 62.99, 98.43, 0, 90],
		[212, "U86_1", -250, -540, "T", "SMD", "BEEP-", "", "P", 62.99, 98.43, 0, 270],
		[213, "U86_2", -150, -540, "T", "SMD", "PC9", "", "P", 62.99, 98.43, 0, 270],
		[214, "U86_3", -50, -540, "T", "SMD", "SBUS", "", "P", 62.99, 98.43, 0, 270],
		[215, "U86_4", 50, -540, "T", "SMD", "DAC", "", "P", 62.99, 98.43, 0, 270],
		[216, "U86_5", 150, -540, "T", "SMD", "ADC_CURRENT", "", "P", 62.99, 98.43, 0, 270],
		[217, "U86_6", 250, -540, "T", "SMD", "ADC_RSSI", "", "P", 62.99, 98.43, 0, 270],
		[218, "U87_1", -540, 250, "T", "SMD", "PB8", "", "P", 98.43, 62.99, 0, 180],
		[219, "U87_2", -540, 150, "T", "SMD", "PC8", "", "P", 98.43, 62.99, 0, 180],
		[220, "U87_3", -540, 50, "T", "SMD", "PA0", "", "P", 98.43, 62.99, 0, 180],
		[221, "U87_4", -540, -50, "T", "SMD", "PA1", "", "P", 98.43, 62.99, 0, 180],
		[222, "U87_5", -540, -150, "T", "SMD", "PA2", "", "P", 98.43, 62.99, 0, 180],
		[223, "U87_6", -540, -250, "T", "SMD", "PA3", "", "P", 98.43, 62.99, 0, 180],
		[224, "U89_17", 283.93, -403.65, "T", "DIP", "GND", "GND", "O", 70.87, 39.37, 53.74, 135],
		[225, "U89_17", 283.93, -403.65, "B", "DIP", "GND", "GND", "O", 70.87, 39.37, 53.74, 135],
		[226, "U89_18", 423.13, -542.84, "T", "DIP", "GND", "GND", "O", 70.87, 39.37, 53.74, 135],
		[227, "U89_18", 423.13, -542.84, "B", "DIP", "GND", "GND", "O", 70.87, 39.37, 53.74, 135],
		[228, "U89_19", 542.84, -423.13, "T", "DIP", "GND", "GND", "O", 70.87, 39.37, 53.74, 135],
		[229, "U89_19", 542.84, -423.13, "B", "DIP", "GND", "GND", "O", 70.87, 39.37, 53.74, 135],
		[230, "U89_20", 403.65, -283.93, "T", "DIP", "GND", "GND", "O", 70.87, 39.37, 53.74, 135],
		[231, "U89_20", 403.65, -283.93, "B", "DIP", "GND", "GND", "O", 70.87, 39.37, 53.74, 135],
		[232, "U89_A1", 501.78, -539.35, "T", "DIP", "GND", "GND", "C", 31.5, 31.5, 19.69, 135],
		[233, "U89_A1", 501.78, -539.35, "B", "DIP", "GND", "GND", "C", 31.5, 31.5, 19.69, 135],
		[234, "U89_A12", 287.42, -324.99, "T", "DIP", "GND", "GND", "C", 31.5, 31.5, 19.69, 135],
		[235, "U89_A12", 287.42, -324.99, "B", "DIP", "GND", "GND", "C", 31.5, 31.5, 19.69, 135],
		[236, "U89_A4", 471.16, -508.74, "T", "DIP", "5V", "", "C", 31.5, 31.5, 19.69, 135],
		[237, "U89_A4", 471.16, -508.74, "B", "DIP", "5V", "", "C", 31.5, 31.5, 19.69, 135],
		[238, "U89_A5", 440.54, -478.11, "T", "DIP", "$1N12580", "", "C", 31.5, 31.5, 19.69, 135],
		[239, "U89_A5", 440.54, -478.11, "B", "DIP", "$1N12580", "", "C", 31.5, 31.5, 19.69, 135],
		[240, "U89_A6", 409.91, -447.49, "T", "DIP", "USB_DP", "", "C", 31.5, 31.5, 19.69, 135],
		[241, "U89_A6", 409.91, -447.49, "B", "DIP", "USB_DP", "", "C", 31.5, 31.5, 19.69, 135],
		[242, "U89_A7", 379.29, -416.87, "T", "DIP", "USB_DM", "", "C", 31.5, 31.5, 19.69, 135],
		[243, "U89_A7", 379.29, -416.87, "B", "DIP", "USB_DM", "", "C", 31.5, 31.5, 19.69, 135],
		[244, "U89_A8", 348.67, -386.24, "T", "DIP", "U89_A8", "", "C", 31.5, 31.5, 19.69, 135],
		[245, "U89_A8", 348.67, -386.24, "B", "DIP", "U89_A8", "", "C", 31.5, 31.5, 19.69, 135],
		[246, "U89_A9", 318.04, -355.62, "T", "DIP", "5V", "", "C", 31.5, 31.5, 19.69, 135],
		[247, "U89_A9", 318.04, -355.62, "B", "DIP", "5V", "", "C", 31.5, 31.5, 19.69, 135],
		[248, "U89_B1", 325, -287.41, "T", "DIP", "GND", "GND", "C", 31.5, 31.5, 19.69, 135],
		[249, "U89_B1", 325, -287.41, "B", "DIP", "GND", "GND", "C", 31.5, 31.5, 19.69, 135],
		[250, "U89_B12", 539.36, -501.77, "T", "DIP", "GND", "GND", "C", 31.5, 31.5, 19.69, 135],
		[251, "U89_B12", 539.36, -501.77, "B", "DIP", "GND", "GND", "C", 31.5, 31.5, 19.69, 135],
		[252, "U89_B4", 355.63, -318.04, "T", "DIP", "5V", "", "C", 31.5, 31.5, 19.69, 135],
		[253, "U89_B4", 355.63, -318.04, "B", "DIP", "5V", "", "C", 31.5, 31.5, 19.69, 135],
		[254, "U89_B5", 386.25, -348.66, "T", "DIP", "$1N12606", "", "C", 31.5, 31.5, 19.69, 135],
		[255, "U89_B5", 386.25, -348.66, "B", "DIP", "$1N12606", "", "C", 31.5, 31.5, 19.69, 135],
		[256, "U89_B6", 416.88, -379.29, "T", "DIP", "USB_DP", "", "C", 31.5, 31.5, 19.69, 135],
		[257, "U89_B6", 416.88, -379.29, "B", "DIP", "USB_DP", "", "C", 31.5, 31.5, 19.69, 135],
		[258, "U89_B7", 447.49, -409.9, "T", "DIP", "USB_DM", "", "C", 31.5, 31.5, 19.69, 135],
		[259, "U89_B7", 447.49, -409.9, "B", "DIP", "USB_DM", "", "C", 31.5, 31.5, 19.69, 135],
		[260, "U89_B8", 478.12, -440.53, "T", "DIP", "U89_B8", "", "C", 31.5, 31.5, 19.69, 135],
		[261, "U89_B8", 478.12, -440.53, "B", "DIP", "U89_B8", "", "C", 31.5, 31.5, 19.69, 135],
		[262, "U89_B9", 508.74, -471.15, "T", "DIP", "5V", "", "C", 31.5, 31.5, 19.69, 135],
		[263, "U89_B9", 508.74, -471.15, "B", "DIP", "5V", "", "C", 31.5, 31.5, 19.69, 135],
		[264, "U90_1", 559.28, 447.7, "T", "SMD", "GND", "GND", "P", 97.83, 97.83, 0, 45],
		[265, "U91_1", 445.9, 561.08, "T", "SMD", "LED1", "", "P", 97.83, 97.83, 0, 45],
		[266, "U92_1", 502, 503.8, "T", "SMD", "PA13", "", "P", 97.83, 97.83, 0, 45],
		[267, "U93_1", -350, -540, "T", "SMD", "5V", "", "P", 62.99, 98.43, 0, 90],
		[268, "U94_1", -540, -350, "T", "SMD", "VBAT", "", "P", 98.43, 62.99, 0, 0],
		[269, "X3_1", -409.39, 74.32, "T", "SMD", "OSCIN", "", "R", 55.12, 47.24, 0, 270],
		[270, "X3_2", -409.39, -12.3, "T", "SMD", "GND", "GND", "R", 55.12, 47.24, 0, 270],
		[271, "X3_3", -342.46, -12.3, "T", "SMD", "OSCOUT", "", "R", 55.12, 47.24, 0, 270],
		[272, "X3_4", -342.46, 74.32, "T", "SMD", "GND", "GND", "R", 55.12, 47.24, 0, 270]
	]
}
}