{
"lengthUnit": "mil",
"components": {
	"fields": ["COMPONENT_NO", "COMPONENT_NAME", "LAYER", "X_COORDINATE", "Y_COORDINATE", "ANGLE"],
	"rows": [
		[1, "U1", "B", -364.2, 364.2, 135],
		[2, "U2", "B", -364.2, -364.2, 225],
		[3, "U3", "B", 364.2, -364.2, 315],
		[4, "U4", "B", 364.2, 364.2, 45],
		[5, "U93", "T", -475, 575, 315],
		[6, "U94", "T", -575, 475, 315],
		[7, "U95", "T", 0, 0, 315]
	]
},
"pins": {
	"fields": ["PIN_NO", "PIN_NAME", "PIN_X", "PIN_Y", "LAYER", "PIN_TYPE", "NET_NAME", "NET_TYPE", "PAD_SHAPE", "PAD_SIZEX", "PAD_SIZEY", "HOLE_SIZE", "PAD_ANGLE"],
	"rows": [
		[1, "U1_1", -540.98, 187.42, "B", "SMD", "5V", "", "P", 97.83, 97.83, 0, 135],
		[2, "U1_2", -470.27, 258.13, "B", "SMD", "5V", "", "P", 97.83, 97.83, 0, 135],
		[3, "U1_3", -399.56, 328.84, "B", "SMD", "GND", "GND", "P", 97.83, 97.83, 0, 135],
		[4, "U1_4", -328.84, 399.56, "B", "SMD", "GND", "GND", "P", 97.83, 97.83, 0, 135],
		[5, "U1_5", -258.13, 470.27, "B", "SMD", "GND", "GND", "P", 97.83, 97.83, 0, 135],
		[6, "U1_6", -187.42, 540.98, "B", "SMD", "VBAT", "", "P", 97.83, 97.83, 0, 135],
		[7, "U2_1", -187.42, -540.98, "B", "SMD", "5V", "", "P", 97.83, 97.83, 0, 225],
		[8, "U2_2", -258.13, -470.27, "B", "SMD", "5V", "", "P", 97.83, 97.83, 0, 225],
		[9, "U2_3", -328.84, -399.56, "B", "SMD", "GND", "GND", "P", 97.83, 97.83, 0, 225],
		[10, "U2_4", -399.56, -328.84, "B", "SMD", "GND", "GND", "P", 97.83, 97.83, 0, 225],
		[11, "U2_5", -470.27, -258.13, "B", "SMD", "GND", "GND", "P", 97.83, 97.83, 0, 225],
		[12, "U2_6", -540.98, -187.42, "B", "SMD", "VBAT", "", "P", 97.83, 97.83, 0, 225],
		[13, "U3_1", 540.98, -187.42, "B", "SMD", "5V", "", "P", 97.83, 97.83, 0, 315],
		[14, "U3_2", 470.27, -258.13, "B", "SMD", "5V", "", "P", 97.83, 97.83, 0, 315],
		[15, "U3_3", 399.56, -328.84, "B", "SMD", "GND", "GND", "P", 97.83, 97.83, 0, 315],
		[16, "U3_4", 328.84, -399.56, "B", "SMD", "GND", "GND", "P", 97.83, 97.83, 0, 315],
		[17, "U3_5", 258.13, -470.27, "B", "SMD", "GND", "GND", "P", 97.83, 97.83, 0, 315],
		[18, "U3_6", 187.42, -540.98, "B", "SMD", "VBAT", "", "P", 97.83, 97.83, 0, 315],
		[19, "U4_1", 187.42, 540.98, "B", "SMD", "5V", "", "P", 97.83, 97.83, 0, 45],
		[20, "U4_2", 258.13, 470.27, "B", "SMD", "5V", "", "P", 97.83, 97.83, 0, 45],
		[21, "U4_3", 328.84, 399.56, "B", "SMD", "GND", "GND", "P", 97.83, 97.83, 0, 45],
		[22, "U4_4", 399.56, 328.84, "B", "SMD", "GND", "GND", "P", 97.83, 97.83, 0, 45],
		[23, "U4_5", 470.27, 258.13, "B", "SMD", "GND", "GND", "P", 97.83, 97.83, 0, 45],
		[24, "U4_6", 540.98, 187.42, "B", "SMD", "VBAT", "", "P", 97.83, 97.83, 0, 45],
		[25, "U93_1", -475, 575, "T", "SMD", "VBAT", "", "R", 118.11, 66.93, 0, 315],
		[26, "U94_1", -575, 475, "T", "SMD", "GND", "GND", "R", 118.11, 66.93, 0, 135],
		[27, "U95_1", -237.58, 556.61, "T", "SMD", "VBAT", "", "R", 196.85, 200, 0, 315],
		[28, "U95_2", -556.61, 237.58, "T", "SMD", "GND", "GND", "R", 196.85, 200, 0, 315],
		[29, "U95_3", 556.61, -237.58, "T", "SMD", "5V", "", "R", 196.85, 200, 0, 135],
		[30, "U95_4", 237.58, -556.61, "T", "SMD", "GND", "GND", "R", 196.85, 200, 0, 135]
	]
}
}